Producer_Id,Age,Name,Language,Gender
1,24,Liam,English,Male
2,27,Noah,English,Male
3,34,Oliver,English,Male
4,44,Henry,English,Male
5,49,Alexander,English,Male
6,26,Mason,English,Male
7,32,Michael,English,Male
8,34,Grayson,English,Male
9,28,Sophia,English,Female
10,24,Isabella,English,Female
11,29,Emily,English,Female
12,35,Madison,English,Female
13,38,Nora,English,Female
14,45,Hannah,English,Female
15,48,Zoe,English,Female
16,23,Ranveer Singh,Hindi,Male
17,27,Akshay Khanna,Hindi,Male
18,25,Aashay Korani,Hindi,Male
19,43,Akshat Sinha,Hindi,Male
20,33,Vivek Shah,Hindi,Male
21,36,Rajendra Malik,Hindi,Male
22,39,Yash Sheth,Hindi,Male
23,51,Poojan Yadav,Hindi,Male
24,21,Chaitry Soni,Hindi,Female
25,26,Saloni Rai,Hindi,Female
26,29,Satakshi Kumar,Hindi,Female
27,41,Riya Goyal,Hindi,Female
28,34,Veerti Singh,Hindi,Female
29,39,Nishi Dave,Hindi,Female
30,31,Anmol Tekani,Hindi,Female